{"cameraMode":{"drawMode":0,"name":"Shaded","section":"Shading Mode"},"sceneLighting":true,"audioPlay":false,"sceneViewState":{"m_AlwaysRefresh":false,"showFog":true,"showSkybox":true,"showFlares":true,"showImageEffects":true,"showParticleSystems":true,"showVisualEffectGraphs":true,"m_FxEnabled":false},"in2DMode":false,"pivot":{"x":5.6110029220581059,"y":6.079722881317139,"z":-5.150110721588135},"rotation":{"x":-0.16347822546958924,"y":-0.36958497762680056,"z":0.06622586399316788,"w":-0.9123079776763916},"size":1.3449110984802247,"orthographic":false}