{"cameraMode":{"drawMode":0,"name":"Shaded","section":"Shading Mode"},"sceneLighting":false,"audioPlay":false,"sceneViewState":{"m_AlwaysRefresh":false,"showFog":true,"showSkybox":true,"showFlares":true,"showImageEffects":true,"showParticleSystems":true,"showVisualEffectGraphs":true,"m_FxEnabled":true},"in2DMode":false,"pivot":{"x":-83.24333190917969,"y":1.1354371309280396,"z":44.070350646972659},"rotation":{"x":0.007817203179001809,"y":0.9791339039802551,"z":-0.043722353875637057,"w":0.20022515952587129},"size":59.87831497192383,"orthographic":false}