{"cameraMode":{"drawMode":0,"name":"Shaded","section":"Shading Mode"},"sceneLighting":true,"audioPlay":false,"sceneViewState":{"m_AlwaysRefresh":false,"showFog":true,"showSkybox":true,"showFlares":true,"showImageEffects":true,"showParticleSystems":true,"showVisualEffectGraphs":true,"m_FxEnabled":false},"in2DMode":false,"pivot":{"x":7.201361656188965,"y":3.4374163150787355,"z":2.353874683380127},"rotation":{"x":-0.08703765273094177,"y":-0.060634270310401919,"z":0.005306484643369913,"w":-0.9943484663963318},"size":0.8660253882408142,"orthographic":false}