{"cameraMode":{"drawMode":0,"name":"Shaded","section":"Shading Mode"},"sceneLighting":true,"audioPlay":false,"sceneViewState":{"m_AlwaysRefresh":false,"showFog":true,"showSkybox":true,"showFlares":true,"showImageEffects":true,"showParticleSystems":true,"showVisualEffectGraphs":true,"m_FxEnabled":false},"in2DMode":false,"pivot":{"x":1682.8060302734375,"y":976.7845458984375,"z":-10.531133651733399},"rotation":{"x":-0.004189057741314173,"y":-0.024003971368074418,"z":-0.00008810868166619912,"w":0.9997162222862244},"size":196.03225708007813,"orthographic":true}